P1618_001_0001	大佛頂首楞嚴經會觧敘綿一首楞嚴經者諸佛之慧命眾生之達道教網之宏綱禪門之要關也	T1799_001_0001	首楞嚴經疏序大佛頂密因了義首楞嚴經者乃竺乾之洪範法苑之寶典也
P1618_001_0001	大佛頂首楞嚴經會觧敘綿一首楞嚴經者諸佛之慧命眾生之達道教網之宏綱禪門之要關也	T1799_001_0003	觀四生之受苦也惠濟庶物愍群機之未悟也力垂善誘於是俯仰至理述宣微言闢大慈之門廓真如之海以為一切諸法唯依妄念而起一切眾生不出因緣而有乃知生死輪轉貪欲為本修證常樂禪慧為宗
P1618_001_0001	大佛頂首楞嚴經會觧敘綿一首楞嚴經者諸佛之慧命眾生之達道教網之宏綱禪門之要關也	T1799_001_0009	譯經三藏朝散大夫試鴻臚卿光梵大師賜紫惟淨謹上書于中丞閣下近蒙以新製首楞嚴經疏序特賜寵示者
P1618_001_0001	大佛頂首楞嚴經會觧敘綿一首楞嚴經者諸佛之慧命眾生之達道教網之宏綱禪門之要關也	T1799_001_0011	竊以大佛頂如來密因修證了義諸菩薩萬行首楞嚴經者菩薩行門諸佛心印開有為即塵沙妙用歸無相即法界真源
P1618_001_0001	大佛頂首楞嚴經會觧敘綿一首楞嚴經者諸佛之慧命眾生之達道教網之宏綱禪門之要關也	T1799_001_0018	稽首我大師十方調御尊佛頂首楞嚴大覺如來藏圓明諸聖眾上首龍尊王常闢大慈門救攝眾生者
P1618_001_0001	大佛頂首楞嚴經會觧敘綿一首楞嚴經者諸佛之慧命眾生之達道教網之宏綱禪門之要關也	T1799_001_0127	故下請云雖獲大宅要因門入等七教迹前後者佛說此經非謂一時頓說說必前後
P1618_001_0001	大佛頂首楞嚴經會觧敘綿一首楞嚴經者諸佛之慧命眾生之達道教網之宏綱禪門之要關也	T1799_001_0140	其第九云大佛頂首楞嚴經十卷大唐沙門懷迪於廣州譯迪循州人住羅浮山南樓寺久習經論備諳五梵因遊廣府遂遇梵僧未詳其名對文共譯勒成十卷經之題目紙數文句與今融本竝不差異
P1618_001_0001	大佛頂首楞嚴經會觧敘綿一首楞嚴經者諸佛之慧命眾生之達道教網之宏綱禪門之要關也	T1799_001_0143	大佛頂如來密因修證了義諸菩薩萬行首楞嚴經經有五名題目三號者謂該教行人理因果顯密悉具足故
P1618_001_0001	大佛頂首楞嚴經會觧敘綿一首楞嚴經者諸佛之慧命眾生之達道教網之宏綱禪門之要關也	T1799_001_0160	涅槃又云所言大者其性廣博今經常遍廣有其文仍具三義如下可見佛頂者究竟覺也覺有二義一本二始
P1618_001_0001	大佛頂首楞嚴經會觧敘綿一首楞嚴經者諸佛之慧命眾生之達道教網之宏綱禪門之要關也	T1799_001_0169	教者下說心呪是佛密語唯佛與佛乃能知之不通他解但信而受之思而持之滅障成德也
P1618_001_0001	大佛頂首楞嚴經會觧敘綿一首楞嚴經者諸佛之慧命眾生之達道教網之宏綱禪門之要關也	T1799_001_0177	首楞嚴者梵語也涅槃云首楞者名一切事竟嚴者名堅即一切事究竟堅固也
P1618_001_0001	大佛頂首楞嚴經會觧敘綿一首楞嚴經者諸佛之慧命眾生之達道教網之宏綱禪門之要關也	T1799_001_0197	龍集者龍星亦曰歲星歲行一次也集居也乙巳即所舍之次朔蘇也月死復蘇蘇生也
P1618_001_0001	大佛頂首楞嚴經會觧敘綿一首楞嚴經者諸佛之慧命眾生之達道教網之宏綱禪門之要關也	T1799_001_0254	常隨從佛轉大法輪法有摧輾業煩惱義喻之若輪自既摧破惑障亦能轉教令他破惑於一法中作無量說一一逗機一一稱性以善巧方便令其得入如來知見妙好堪任護付法藏令燈燈相然明明不絕囑法令傳囑生令度總名遺囑也
P1618_001_0001	大佛頂首楞嚴經會觧敘綿一首楞嚴經者諸佛之慧命眾生之達道教網之宏綱禪門之要關也	T1799_001_0355	今文請即通問下文答則別說如下文云有大佛頂首楞嚴等即許說成道妙行也
P1618_001_0001	大佛頂首楞嚴經會觧敘綿一首楞嚴經者諸佛之慧命眾生之達道教網之宏綱禪門之要關也	T1799_001_0433	告示阿難及諸大眾有三摩提名大佛頂首楞嚴王具足萬行十方如來一門超出妙莊嚴路
P1618_001_0001	大佛頂首楞嚴經會觧敘綿一首楞嚴經者諸佛之慧命眾生之達道教網之宏綱禪門之要關也	T1799_001_0620	佛之威神令諸世界合成一界妄執未融六情殊隔真智一發法界洞然誰為自他故成一界即欲說如來藏心之先瑞也
P1618_001_0001	大佛頂首楞嚴經會觧敘綿一首楞嚴經者諸佛之慧命眾生之達道教網之宏綱禪門之要關也	T1799_001_0622	冥合此理隨順不逆名合掌承聽大眾將悟斯理故今預此表示法華說一乘竟十方世界通為一佛國土亦表十方佛土中唯有一乘法第三末經大眾領悟是此所表也
P1618_001_0001	大佛頂首楞嚴經會觧敘綿一首楞嚴經者諸佛之慧命眾生之達道教網之宏綱禪門之要關也	T1799_001_0674	已界佛界眾生亦然今之所顯真心相者依生滅門破妄顯也
P1618_001_0001	大佛頂首楞嚴經會觧敘綿一首楞嚴經者諸佛之慧命眾生之達道教網之宏綱禪門之要關也	T1799_001_0694	二如來正顯二一約現法隨緣以顯心爾時世尊開示阿難及諸大眾欲令心入無生法忍於師子座摩阿難頂而告之言摩頂安慰也
P1618_001_0001	大佛頂首楞嚴經會觧敘綿一首楞嚴經者諸佛之慧命眾生之達道教網之宏綱禪門之要關也	T1799_001_0791	二且約無拳例其無見二一約無拳以例問二一舌語佛告阿難如來今日實言告汝諸有智者要以譬喻而得開悟無智之人縱喻難明故舉智者因喻開悟
P1618_001_0001	大佛頂首楞嚴經會觧敘綿一首楞嚴經者諸佛之慧命眾生之達道教網之宏綱禪門之要關也	T1799_001_0862	於是如來普告大眾若復眾生以搖動者名之為塵以不住者名之為客
P1618_001_0002	世尊成道以來五時設化無非為一大事因緣求其總攝化機直指心體發宣真勝義性簡定真實圓通使人轉物同如來彈指超無學者無尚楞嚴矣	T1799_001_0003	觀四生之受苦也惠濟庶物愍群機之未悟也力垂善誘於是俯仰至理述宣微言闢大慈之門廓真如之海以為一切諸法唯依妄念而起一切眾生不出因緣而有乃知生死輪轉貪欲為本修證常樂禪慧為宗
P1618_001_0002	世尊成道以來五時設化無非為一大事因緣求其總攝化機直指心體發宣真勝義性簡定真實圓通使人轉物同如來彈指超無學者無尚楞嚴矣	T1799_001_0004	則斯經也可以辯識諸魔破滅七趣謂止及觀修圓教妙明之心發真歸源證上乘至極之說懿其般剌譯其義房相筆其文
P1618_001_0002	世尊成道以來五時設化無非為一大事因緣求其總攝化機直指心體發宣真勝義性簡定真實圓通使人轉物同如來彈指超無學者無尚楞嚴矣	T1799_001_0005	今江吳釋璿師學識兼高辯才無礙以是經典為時教於一代分妙理於十門功濟大千道傳不二瞪目合手以明妄毀相泯心以會宗
P1618_001_0002	世尊成道以來五時設化無非為一大事因緣求其總攝化機直指心體發宣真勝義性簡定真實圓通使人轉物同如來彈指超無學者無尚楞嚴矣	T1799_001_0006	信受則為世津梁開悟則入佛知見乃顯經以住疏因疏以明理故可以開前疑而決後滯披迷雲而覩惠日然後知色空無異同歸實際生佛靡殊不離方寸隨志抂外護慚無內
P1618_001_0002	世尊成道以來五時設化無非為一大事因緣求其總攝化機直指心體發宣真勝義性簡定真實圓通使人轉物同如來彈指超無學者無尚楞嚴矣	T1799_001_0011	竊以大佛頂如來密因修證了義諸菩薩萬行首楞嚴經者菩薩行門諸佛心印開有為即塵沙妙用歸無相即法界真源
P1618_001_0002	世尊成道以來五時設化無非為一大事因緣求其總攝化機直指心體發宣真勝義性簡定真實圓通使人轉物同如來彈指超無學者無尚楞嚴矣	T1799_001_0014	所以了真如心息虛妄本起方便慧宣祕密言萬法以之圓融諸佛以之自在入不二之二諦悟不空之三空偉矣真宗不可思議
P1618_001_0002	世尊成道以來五時設化無非為一大事因緣求其總攝化機直指心體發宣真勝義性簡定真實圓通使人轉物同如來彈指超無學者無尚楞嚴矣	T1799_001_0018	稽首我大師十方調御尊佛頂首楞嚴大覺如來藏圓明諸聖眾上首龍尊王常闢大慈門救攝眾生者
P1618_001_0002	世尊成道以來五時設化無非為一大事因緣求其總攝化機直指心體發宣真勝義性簡定真實圓通使人轉物同如來彈指超無學者無尚楞嚴矣	T1799_001_0020	將釋此經十門分別一教起因緣二藏乘分攝三教義分齊四所被機宜五能詮體性六所詮宗趣七教迹前後八傳譯時年九通釋名題十別解文義
P1618_001_0002	世尊成道以來五時設化無非為一大事因緣求其總攝化機直指心體發宣真勝義性簡定真實圓通使人轉物同如來彈指超無學者無尚楞嚴矣	T1799_001_0041	或縮斷離身因緣自爾和合非合執相疑性諸大遍圓滅妄生妄成真不真
P1618_001_0002	世尊成道以來五時設化無非為一大事因緣求其總攝化機直指心體發宣真勝義性簡定真實圓通使人轉物同如來彈指超無學者無尚楞嚴矣	T1799_001_0078	說如來藏隨緣成阿梨耶識緣起無性一切皆如定性二乘無性闡提悉當成佛
P1618_001_0002	世尊成道以來五時設化無非為一大事因緣求其總攝化機直指心體發宣真勝義性簡定真實圓通使人轉物同如來彈指超無學者無尚楞嚴矣	T1799_001_0082	五一乘圓教所說唯是法界性海圓融緣起無礙相即相入帝網重重主伴無盡也
P1618_001_0002	世尊成道以來五時設化無非為一大事因緣求其總攝化機直指心體發宣真勝義性簡定真實圓通使人轉物同如來彈指超無學者無尚楞嚴矣	T1799_001_0088	一覺義謂心體離念等二不覺義謂不如實知真如法
P1618_001_0002	世尊成道以來五時設化無非為一大事因緣求其總攝化機直指心體發宣真勝義性簡定真實圓通使人轉物同如來彈指超無學者無尚楞嚴矣	T1799_001_0097	一切因果世界微塵因心成故二根本中說為無始
P1618_001_0002	世尊成道以來五時設化無非為一大事因緣求其總攝化機直指心體發宣真勝義性簡定真實圓通使人轉物同如來彈指超無學者無尚楞嚴矣	T1799_001_0108	言賓無者自恃天真輕厭進習者固執先聞擔麻棄金者如上皆非其器反上即皆是器
P1618_001_0002	世尊成道以來五時設化無非為一大事因緣求其總攝化機直指心體發宣真勝義性簡定真實圓通使人轉物同如來彈指超無學者無尚楞嚴矣	T1799_001_0111	若約五性正被菩薩性及不定性兼為餘性作遠因緣三聚之中為正定聚令增妙行為不定聚令修信心為邪定人作遠因緣也
P1618_001_0002	世尊成道以來五時設化無非為一大事因緣求其總攝化機直指心體發宣真勝義性簡定真實圓通使人轉物同如來彈指超無學者無尚楞嚴矣	T1799_001_0112	五能詮體性者略作四門一隨相門復二一聲名句文體體用假實二相資故二通攝所詮體若不詮義文非教故
P1618_001_0002	世尊成道以來五時設化無非為一大事因緣求其總攝化機直指心體發宣真勝義性簡定真實圓通使人轉物同如來彈指超無學者無尚楞嚴矣	T1799_001_0114	三歸性門此識無體唯真如故四無礙門心境理事交徹相攝以一心法有二門故
P1618_001_0002	世尊成道以來五時設化無非為一大事因緣求其總攝化機直指心體發宣真勝義性簡定真實圓通使人轉物同如來彈指超無學者無尚楞嚴矣	T1799_001_0124	起大神用不須天眼自然觀見等安樂身心快然獲大安隱自在一為無量小中現大等為趣別有五對一教義二事理三境行四行寂五寂用
P1618_001_0002	世尊成道以來五時設化無非為一大事因緣求其總攝化機直指心體發宣真勝義性簡定真實圓通使人轉物同如來彈指超無學者無尚楞嚴矣	T1799_001_0126	初解如來藏為宗行首楞嚴為趣謂佛許示真修却約心見徵解故次修此真定為宗證彼藏體為趣
P1618_001_0002	世尊成道以來五時設化無非為一大事因緣求其總攝化機直指心體發宣真勝義性簡定真實圓通使人轉物同如來彈指超無學者無尚楞嚴矣	T1799_001_0140	其第九云大佛頂首楞嚴經十卷大唐沙門懷迪於廣州譯迪循州人住羅浮山南樓寺久習經論備諳五梵因遊廣府遂遇梵僧未詳其名對文共譯勒成十卷經之題目紙數文句與今融本竝不差異
P1618_001_0002	世尊成道以來五時設化無非為一大事因緣求其總攝化機直指心體發宣真勝義性簡定真實圓通使人轉物同如來彈指超無學者無尚楞嚴矣	T1799_001_0143	大佛頂如來密因修證了義諸菩薩萬行首楞嚴經經有五名題目三號者謂該教行人理因果顯密悉具足故
P1618_001_0002	世尊成道以來五時設化無非為一大事因緣求其總攝化機直指心體發宣真勝義性簡定真實圓通使人轉物同如來彈指超無學者無尚楞嚴矣	T1799_001_0145	義含明指者文云有三摩提名大佛頂此指行也又云雖蒙如來佛頂神呪又云亦說此呪名如來頂此指教也
P1618_001_0002	世尊成道以來五時設化無非為一大事因緣求其總攝化機直指心體發宣真勝義性簡定真實圓通使人轉物同如來彈指超無學者無尚楞嚴矣	T1799_001_0152	三大之義不離一心故名一心為大佛頂如來下別顯勝能
P1618_001_0002	世尊成道以來五時設化無非為一大事因緣求其總攝化機直指心體發宣真勝義性簡定真實圓通使人轉物同如來彈指超無學者無尚楞嚴矣	T1799_001_0157	今以藏體性無邊涯絕諸分量強名為大常遍者常則竪窮三世遍則橫該十方
P1618_001_0002	世尊成道以來五時設化無非為一大事因緣求其總攝化機直指心體發宣真勝義性簡定真實圓通使人轉物同如來彈指超無學者無尚楞嚴矣	T1799_001_0161	本謂藏體靈鑒無昧絕諸妄想具足無量性功德故起信云所言覺義者謂心體離念
P1618_001_0002	世尊成道以來五時設化無非為一大事因緣求其總攝化機直指心體發宣真勝義性簡定真實圓通使人轉物同如來彈指超無學者無尚楞嚴矣	T1799_001_0167	如來者如謂本覺來謂始覺始本合故名為如來此指一佛即該諸佛
P1618_001_0002	世尊成道以來五時設化無非為一大事因緣求其總攝化機直指心體發宣真勝義性簡定真實圓通使人轉物同如來彈指超無學者無尚楞嚴矣	T1799_001_0170	行者以此真定具空假中即是一心非縱橫竝別不可思議具足萬行三世諸佛同此法門此行成時名三祕藏是故稱密
P1618_001_0002	世尊成道以來五時設化無非為一大事因緣求其總攝化機直指心體發宣真勝義性簡定真實圓通使人轉物同如來彈指超無學者無尚楞嚴矣	T1799_001_0173	如觀音圓通了義者說教化他詮表義理無有覆相窮理盡性稱實談故
P1618_001_0002	世尊成道以來五時設化無非為一大事因緣求其總攝化機直指心體發宣真勝義性簡定真實圓通使人轉物同如來彈指超無學者無尚楞嚴矣	T1799_001_0174	下文云宣勝義中真勝義性令汝會中定性聲聞皆獲一乘寂滅場地非有餘說故名了義
P1618_001_0002	世尊成道以來五時設化無非為一大事因緣求其總攝化機直指心體發宣真勝義性簡定真實圓通使人轉物同如來彈指超無學者無尚楞嚴矣	T1799_001_0175	諸菩薩萬行者三世因人各修其行自利利他有無量義今舉大數故名萬也
P1618_001_0002	世尊成道以來五時設化無非為一大事因緣求其總攝化機直指心體發宣真勝義性簡定真實圓通使人轉物同如來彈指超無學者無尚楞嚴矣	T1799_001_0180	此三昧以無分別智寂用為體以一切法皆同智性窮盡法界更無遺餘名一切事
P1618_001_0002	世尊成道以來五時設化無非為一大事因緣求其總攝化機直指心體發宣真勝義性簡定真實圓通使人轉物同如來彈指超無學者無尚楞嚴矣	T1799_001_0182	又染法究竟盡淨用究竟顯如下文云我以不滅不生合如來藏而如來藏唯妙覺明圓照法界是故一為無量等
P1618_001_0002	世尊成道以來五時設化無非為一大事因緣求其總攝化機直指心體發宣真勝義性簡定真實圓通使人轉物同如來彈指超無學者無尚楞嚴矣	T1799_001_0185	一切諸佛皆同此說故名為常能令義理無有散失名之為貫以此化生令不顛墜稱之為攝
P1618_001_0002	世尊成道以來五時設化無非為一大事因緣求其總攝化機直指心體發宣真勝義性簡定真實圓通使人轉物同如來彈指超無學者無尚楞嚴矣	T1799_001_0186	若約所詮如來藏體說名經者亦具四義謂此心性諸佛所師可軌可則故名為法不生不滅無有變異故名為常
P1618_001_0002	世尊成道以來五時設化無非為一大事因緣求其總攝化機直指心體發宣真勝義性簡定真實圓通使人轉物同如來彈指超無學者無尚楞嚴矣	T1799_001_0187	上聖下凡情與非情無不同此故說為貫具諸功德遍含染淨故稱為攝心性既爾一切法亦然
P1618_001_0002	世尊成道以來五時設化無非為一大事因緣求其總攝化機直指心體發宣真勝義性簡定真實圓通使人轉物同如來彈指超無學者無尚楞嚴矣	T1799_001_0191	此境之中有多國別最尊大者號摩竭提此云大體以總攝故或云不害皆義翻也
P1618_001_0002	世尊成道以來五時設化無非為一大事因緣求其總攝化機直指心體發宣真勝義性簡定真實圓通使人轉物同如來彈指超無學者無尚楞嚴矣	T1799_001_0215	若約今經如來藏心體性不動曰如真實義故曰是
P1618_001_0002	世尊成道以來五時設化無非為一大事因緣求其總攝化機直指心體發宣真勝義性簡定真實圓通使人轉物同如來彈指超無學者無尚楞嚴矣	T1799_001_0216	又一切諸法本無生滅皆如來藏故名為如離一切相即一切法故稱為是
P1618_001_0002	世尊成道以來五時設化無非為一大事因緣求其總攝化機直指心體發宣真勝義性簡定真實圓通使人轉物同如來彈指超無學者無尚楞嚴矣	T1799_001_0218	今稱我者我有四種一凡夫遍計二外道宗計三諸聖隨世假立賓主四法身真我經指後二非邪慢心而有所說故無過矣
P1618_001_0002	世尊成道以來五時設化無非為一大事因緣求其總攝化機直指心體發宣真勝義性簡定真實圓通使人轉物同如來彈指超無學者無尚楞嚴矣	T1799_001_0221	若約法性此經旨趣傳法菩薩以我無我不二之真我根境非一異之妙耳聞真俗無礙之法門
P1618_001_0002	世尊成道以來五時設化無非為一大事因緣求其總攝化機直指心體發宣真勝義性簡定真實圓通使人轉物同如來彈指超無學者無尚楞嚴矣	T1799_001_0223	時者隨世假立如來說經有無量時不能別舉一言略周但言一時
P1618_001_0002	世尊成道以來五時設化無非為一大事因緣求其總攝化機直指心體發宣真勝義性簡定真實圓通使人轉物同如來彈指超無學者無尚楞嚴矣	T1799_001_0228	然具三義一自覺覺知自心本無生滅二覺他覺一切法無不是如三覺滿二覺理圓稱之為滿
P1618_001_0002	世尊成道以來五時設化無非為一大事因緣求其總攝化機直指心體發宣真勝義性簡定真實圓通使人轉物同如來彈指超無學者無尚楞嚴矣	T1799_001_0254	常隨從佛轉大法輪法有摧輾業煩惱義喻之若輪自既摧破惑障亦能轉教令他破惑於一法中作無量說一一逗機一一稱性以善巧方便令其得入如來知見妙好堪任護付法藏令燈燈相然明明不絕囑法令傳囑生令度總名遺囑也
P1618_001_0002	世尊成道以來五時設化無非為一大事因緣求其總攝化機直指心體發宣真勝義性簡定真實圓通使人轉物同如來彈指超無學者無尚楞嚴矣	T1799_001_0256	既嚴持清禁身心弗違大能軌則世間真是法中綱紀也應身無量度脫眾生定能現化也
P1618_001_0002	世尊成道以來五時設化無非為一大事因緣求其總攝化機直指心體發宣真勝義性簡定真實圓通使人轉物同如來彈指超無學者無尚楞嚴矣	T1799_001_0259	若非發迹之後無如是歎醍醐味教於斯現矣拔濟未來越諸塵累結悲化無盡也
P1618_001_0002	世尊成道以來五時設化無非為一大事因緣求其總攝化機直指心體發宣真勝義性簡定真實圓通使人轉物同如來彈指超無學者無尚楞嚴矣	T1799_001_0264	又云胡豆即尊者母姓上古仙人所嗜因以命族左面弟子神通無過下經云我遊十方得無罣礙神通發明推為無上
P1618_001_0002	世尊成道以來五時設化無非為一大事因緣求其總攝化機直指心體發宣真勝義性簡定真實圓通使人轉物同如來彈指超無學者無尚楞嚴矣	T1799_001_0266	遂往南天學十八經人笑之曰累世難通一生非冀聞而立誓學不休止無暇剪爪號長爪梵志
P1618_001_0002	世尊成道以來五時設化無非為一大事因緣求其總攝化機直指心體發宣真勝義性簡定真實圓通使人轉物同如來彈指超無學者無尚楞嚴矣	T1799_001_0275	如下經云我曠劫來心得無礙初在母胎即知空寂如是乃至十方成空亦令眾生證得空性蒙如來發性覺真空空性圓明得阿羅漢
P1618_001_0002	世尊成道以來五時設化無非為一大事因緣求其總攝化機直指心體發宣真勝義性簡定真實圓通使人轉物同如來彈指超無學者無尚楞嚴矣	T1799_001_0278	如下經云我悟色性以從不淨白骨微塵歸於虛空空色二無成無學道如來印我名尼沙陀
P1618_001_0002	世尊成道以來五時設化無非為一大事因緣求其總攝化機直指心體發宣真勝義性簡定真實圓通使人轉物同如來彈指超無學者無尚楞嚴矣	T1799_001_0280	二緣覺眾復有無量辟支無學并其初心同來佛所具云辟支迦羅此云緣覺以觀十二因緣而覺悟故此是部行非同麟喻
P1618_001_0002	世尊成道以來五時設化無非為一大事因緣求其總攝化機直指心體發宣真勝義性簡定真實圓通使人轉物同如來彈指超無學者無尚楞嚴矣	T1799_001_0281	然不預嘆德列名者以厭喧樂靜不為眾所知識故主伴咸集故云并其初心遇佛迴向必證大果故下經云有學二乘及諸一切新發心菩薩等皆獲本心遠塵離垢得法眼淨
P1618_001_0002	世尊成道以來五時設化無非為一大事因緣求其總攝化機直指心體發宣真勝義性簡定真實圓通使人轉物同如來彈指超無學者無尚楞嚴矣	T1799_001_0291	恭敬遵承故曰欽奉恩念威重故曰慈嚴將求密義者意請宣說如來密因修證了義之法門也
P1618_001_0002	世尊成道以來五時設化無非為一大事因緣求其總攝化機直指心體發宣真勝義性簡定真實圓通使人轉物同如來彈指超無學者無尚楞嚴矣	T1799_001_0295	如法華先說無量義經以為一乘之本今此會中亦復如是必有經目隱而不言也法筵清眾得求曾有
P1618_001_0002	世尊成道以來五時設化無非為一大事因緣求其總攝化機直指心體發宣真勝義性簡定真實圓通使人轉物同如來彈指超無學者無尚楞嚴矣	T1799_001_0296	教主既非生滅心行說實相法能聽之眾亦無一法可為領受稱實說聽無有垢染故云清眾斯為究竟無上法會故未曾有
P1618_001_0002	世尊成道以來五時設化無非為一大事因緣求其總攝化機直指心體發宣真勝義性簡定真實圓通使人轉物同如來彈指超無學者無尚楞嚴矣	T1799_001_0298	遍十方界者顯其圓義如來梵音於諸相中最為勝故如別處說恒沙菩薩來聚道場文殊師利而為上首
P1618_001_0002	世尊成道以來五時設化無非為一大事因緣求其總攝化機直指心體發宣真勝義性簡定真實圓通使人轉物同如來彈指超無學者無尚楞嚴矣	T1799_001_0301	後始來集二義無在三王臣請供主伴分臨時波斯匿王為其父王諱日營齋請佛宮掖自迎如來廣設珍羞無上妙味兼復親延
P1618_001_0002	世尊成道以來五時設化無非為一大事因緣求其總攝化機直指心體發宣真勝義性簡定真實圓通使人轉物同如來彈指超無學者無尚楞嚴矣	T1799_001_0314	乞食十利如寶雨經說心中初求最後檀越以為齋主無問淨穢剎利尊姓及旃陀羅方行等慈不擇微賤發意圓成一切眾生無量功德
P1618_001_0002	世尊成道以來五時設化無非為一大事因緣求其總攝化機直指心體發宣真勝義性簡定真實圓通使人轉物同如來彈指超無學者無尚楞嚴矣	T1799_001_0318	二仰效無遮以除謗阿難已知如來世尊訶須菩提及大迦葉為阿羅漢心不均平欽仰如來開闡無遮度諸疑謗
P1618_001_0002	世尊成道以來五時設化無非為一大事因緣求其總攝化機直指心體發宣真勝義性簡定真實圓通使人轉物同如來彈指超無學者無尚楞嚴矣	T1799_001_0321	然佛常乞食無遮間者由五義故一由內證平等理外不見貧富相二心離貪慢慈無偏利三表威德不懼惡象沽酒婬女家四息凡夫猜嫌五破二乘分別故得仰效行平等耳
P1618_001_0002	世尊成道以來五時設化無非為一大事因緣求其總攝化機直指心體發宣真勝義性簡定真實圓通使人轉物同如來彈指超無學者無尚楞嚴矣	T1799_001_0324	以斯行乞物無不從仰効尊儀故云齋法也二示遇惡緣爾時阿難因乞食次經歷婬室遭大幻術
P1618_001_0002	世尊成道以來五時設化無非為一大事因緣求其總攝化機直指心體發宣真勝義性簡定真實圓通使人轉物同如來彈指超無學者無尚楞嚴矣	T1799_001_0328	將毀戒體者別解脫戒白四所發形願業體體即無作從作戒生是第三聚非色非心為戒所依持之則肥犯之則羸故云戒體
P1618_001_0002	世尊成道以來五時設化無非為一大事因緣求其總攝化機直指心體發宣真勝義性簡定真實圓通使人轉物同如來彈指超無學者無尚楞嚴矣	T1799_001_0334	性比丘尼成阿羅漢無量眾生發無上道心等是知機應相扣啐啄同時形對像現故無差濫
P1618_001_0002	世尊成道以來五時設化無非為一大事因緣求其總攝化機直指心體發宣真勝義性簡定真實圓通使人轉物同如來彈指超無學者無尚楞嚴矣	T1799_001_0337	宣神呪者自果既圓說利他故又釋迦顯果海無說頂光蓮現表大定智悲三法冥熏而起大用故現化佛說神呪也
P1618_001_0002	世尊成道以來五時設化無非為一大事因緣求其總攝化機直指心體發宣真勝義性簡定真實圓通使人轉物同如來彈指超無學者無尚楞嚴矣	T1799_001_0340	如下文云彼尚婬女無心修行神力冥資速證無學何況汝等在會聲聞求最上乘決定成佛等序分竟
P1618_001_0002	世尊成道以來五時設化無非為一大事因緣求其總攝化機直指心體發宣真勝義性簡定真實圓通使人轉物同如來彈指超無學者無尚楞嚴矣	T1799_001_0350	釋其相者如圓覺經此三種義只在一心非三而三不一而一舉一即具故稱為妙即天台一心三觀也
P1618_001_0002	世尊成道以來五時設化無非為一大事因緣求其總攝化機直指心體發宣真勝義性簡定真實圓通使人轉物同如來彈指超無學者無尚楞嚴矣	T1799_001_0359	故圓覺中示三觀顯諸輪一一皆云悟淨圓覺此經亦爾從初至第四卷半已來則總明信解真正為最初方便也
P1618_001_0002	世尊成道以來五時設化無非為一大事因緣求其總攝化機直指心體發宣真勝義性簡定真實圓通使人轉物同如來彈指超無學者無尚楞嚴矣	T1799_001_0364	最初之義先解後行無出於斯或可最初是無上第一之義即指真定為方便耳如別有說吾弗知也二同時大眾俱欲欽聞
P1618_001_0002	世尊成道以來五時設化無非為一大事因緣求其總攝化機直指心體發宣真勝義性簡定真實圓通使人轉物同如來彈指超無學者無尚楞嚴矣	T1799_001_0373	今初顯如來藏心二一破阿難認妄迷真顯如來藏二一正約心見以破顯五一審其初心二一問發心之始
P1618_001_0002	世尊成道以來五時設化無非為一大事因緣求其總攝化機直指心體發宣真勝義性簡定真實圓通使人轉物同如來彈指超無學者無尚楞嚴矣	T1799_001_0377	是恩愛之深者世人以捨麁重恩愛為其至道而不知修行見愛尚是妄心故審問之
P1618_001_0002	世尊成道以來五時設化無非為一大事因緣求其總攝化機直指心體發宣真勝義性簡定真實圓通使人轉物同如來彈指超無學者無尚楞嚴矣	T1799_001_0393	從無始來認賊為子失汝元常故受輪轉舉世修行多同此計故託阿難總彰其失
P1618_001_0002	世尊成道以來五時設化無非為一大事因緣求其總攝化機直指心體發宣真勝義性簡定真實圓通使人轉物同如來彈指超無學者無尚楞嚴矣	T1799_001_0394	三勸其直語三一正勸汝今欲研無上菩提真發明性應當直心詶我所問
P1618_001_0002	世尊成道以來五時設化無非為一大事因緣求其總攝化機直指心體發宣真勝義性簡定真實圓通使人轉物同如來彈指超無學者無尚楞嚴矣	T1799_001_0397	二引證十方如來同一道故出離生死皆以直心諸佛同道脫苦得樂
P1618_001_0002	世尊成道以來五時設化無非為一大事因緣求其總攝化機直指心體發宣真勝義性簡定真實圓通使人轉物同如來彈指超無學者無尚楞嚴矣	T1799_001_0398	皆由直心者此有二種一發言無虛假如此文所勸淨名道場二向理之心無別岐路即如起信三心之直心也
P1618_001_0002	世尊成道以來五時設化無非為一大事因緣求其總攝化機直指心體發宣真勝義性簡定真實圓通使人轉物同如來彈指超無學者無尚楞嚴矣	T1799_001_0401	三結益心言直故如是乃至終始地位中間永無諸委曲相因苗辨地言直心直苟或反此罪非輕小
P1618_001_0002	世尊成道以來五時設化無非為一大事因緣求其總攝化機直指心體發宣真勝義性簡定真實圓通使人轉物同如來彈指超無學者無尚楞嚴矣	T1799_001_0403	若諸比丘心如直絃一切真實入三摩地永無魔事我印是人成就菩薩無上知覺也
P1618_001_0002	世尊成道以來五時設化無非為一大事因緣求其總攝化機直指心體發宣真勝義性簡定真實圓通使人轉物同如來彈指超無學者無尚楞嚴矣	T1799_001_0404	發心曰始究竟名終彈指能超故無委曲四問其見愛二一問
P1618_001_0002	世尊成道以來五時設化無非為一大事因緣求其總攝化機直指心體發宣真勝義性簡定真實圓通使人轉物同如來彈指超無學者無尚楞嚴矣	T1799_001_0433	告示阿難及諸大眾有三摩提名大佛頂首楞嚴王具足萬行十方如來一門超出妙莊嚴路
P1618_001_0002	世尊成道以來五時設化無非為一大事因緣求其總攝化機直指心體發宣真勝義性簡定真實圓通使人轉物同如來彈指超無學者無尚楞嚴矣	T1799_001_0439	慶喜以直答二依理以答阿難答言世尊在堂不見如來能見林泉無有是處
P1618_001_0002	世尊成道以來五時設化無非為一大事因緣求其總攝化機直指心體發宣真勝義性簡定真實圓通使人轉物同如來彈指超無學者無尚楞嚴矣	T1799_001_0449	二破在外二一立二一正立阿難稽首而白佛言我聞如來如是法音悟知我心實居身外身中無救身外必然
P1618_001_0002	世尊成道以來五時設化無非為一大事因緣求其總攝化機直指心體發宣真勝義性簡定真實圓通使人轉物同如來彈指超無學者無尚楞嚴矣	T1799_001_0523	今雖通舉要取後句法生心生以為據也我今思惟即思惟體實我心性隨所合處心則隨有亦非內外中間三處
